filtered signal,x
160.345,0
-2.83501,1
-34.3402,2
-113.479,3
-156.604,4
22.2718,5
200.76,6
136.068,7
-113.242,8
-244.278,9
-85.8716,10
179.528,11
234.546,12
16.956,13
-206.678,14
-173.686,15
55.6558,16
188.776,17
74.9655,18
-116.135,19
-129.722,20
40.097,21
151.299,22
42.3914,23
-146.419,24
-153.481,25
54.1804,26
220.823,27
122.207,28
-138.942,29
-247.091,30
-64.2927,31
193.415,32
219.496,33
-7.63631,34
-205.727,35
-144.054,36
77.9007,37
173.193,38
37.2102,39
